# {"t_start": 1575292814.4746583, "env_id": "BreakoutNoFrameskip-v4"} 
r,l,t
0.0,129,48.492213
1.0,155,86.701375
412.0,99995,26498.91445
5.0,350,26586.096374
440.0,2836,27327.366043
