# {"t_start": 1575292814.4602575, "env_id": "BreakoutNoFrameskip-v4"} 
r,l,t
427.0,2588,705.122664
419.0,3099,1524.295198
4.0,319,1604.832905
438.0,3356,2494.382382
434.0,6349,4177.467456
401.0,4771,5433.023335
333.0,2389,6058.818251
433.0,2940,6829.952218
428.0,4730,8073.724349
207.0,1945,8583.774835
0.0,129,8614.530333
235.0,1136,8910.956316
99.0,1448,9289.830009
